{
  "model/models-dbg.js": 1706884521133,
  "controller/Home.controller.js": 1707040670722,
  "model/models.js": 1706884521133,
  "controller/App.controller.js": 1706865968550,
  "manifest.json": 1707124189583,
  "Component.js": 1706884583935,
  "i18n/i18n.properties": 1706865968510,
  "model/models.js.map": 1707124189888,
  "controller/Home-dbg.controller.js": 1707040670722,
  "controller/Home.controller.js.map": 1707124189913,
  "controller/App-dbg.controller.js": 1706865968550,
  "controller/App.controller.js.map": 1707124189896,
  "Component-dbg.js": 1706884583935,
  "Component.js.map": 1707124189893,
  "Component-preload.js": 1707124190147,
  "Component-preload.js.map": 1707124190147,
  "view/fragments/create_activity.fragment.xml": 1707040563987,
  "view/Home.view.xml": 1707040531380,
  "view/App.view.xml": 1706869218889,
  "css/style.css": 1706865968554,
  "index.html": 1706868949766
}