{
  "model/models-dbg.js": 1706865968546,
  "controller/App.controller.js": 1706865968550,
  "controller/Home.controller.js": 1706865968558,
  "model/models.js": 1706865968546,
  "manifest.json": 1706872196289,
  "Component.js": 1706865968502,
  "controller/Home-dbg.controller.js": 1706865968558,
  "controller/Home.controller.js.map": 1706872196480,
  "controller/App-dbg.controller.js": 1706865968550,
  "controller/App.controller.js.map": 1706872196484,
  "i18n/i18n.properties": 1706865968510,
  "model/models.js.map": 1706872196485,
  "Component-dbg.js": 1706865968502,
  "Component.js.map": 1706872196500,
  "Component-preload.js": 1706872196672,
  "Component-preload.js.map": 1706872196672,
  "view/Home.view.xml": 1706871553818,
  "view/App.view.xml": 1706869218889,
  "css/style.css": 1706865968554,
  "index.html": 1706868949766
}