{
  "controller/Detail-dbg.controller.js": 1707145023597,
  "controller/App.controller.js": 1706865968550,
  "controller/Home.controller.js": 1707142910946,
  "controller/Detail.controller.js": 1707145023597,
  "model/models.js": 1706884521133,
  "manifest.json": 1707145296415,
  "Component.js": 1706884583935,
  "model/models-dbg.js": 1706884521133,
  "model/models.js.map": 1707145296711,
  "controller/Home-dbg.controller.js": 1707142910946,
  "controller/Home.controller.js.map": 1707145296726,
  "i18n/i18n.properties": 1707126519544,
  "controller/Detail.controller.js.map": 1707145296722,
  "controller/App-dbg.controller.js": 1706865968550,
  "controller/App.controller.js.map": 1707145296698,
  "Component-dbg.js": 1706884583935,
  "Component.js.map": 1707145296711,
  "Component-preload.js": 1707145296959,
  "Component-preload.js.map": 1707145296959,
  "view/fragments/create_activity.fragment.xml": 1707128539040,
  "view/Home.view.xml": 1707138207694,
  "view/Detail.view.xml": 1707143939858,
  "view/App.view.xml": 1706869218889,
  "css/style.css": 1706865968554,
  "index.html": 1706868949766
}