{
  "Component.js": 1706884583935,
  "manifest.json": 1707130878216,
  "controller/Home.controller.js": 1707129840046,
  "controller/App.controller.js": 1706865968550,
  "model/models.js": 1706884521133,
  "i18n/i18n.properties": 1707126519544,
  "Component-dbg.js": 1706884583935,
  "Component.js.map": 1707130878512,
  "controller/App-dbg.controller.js": 1706865968550,
  "controller/App.controller.js.map": 1707130878470,
  "model/models-dbg.js": 1706884521133,
  "model/models.js.map": 1707130878473,
  "controller/Home-dbg.controller.js": 1707129840046,
  "controller/Home.controller.js.map": 1707130878525,
  "Component-preload.js": 1707130878672,
  "Component-preload.js.map": 1707130878673,
  "view/fragments/create_activity.fragment.xml": 1707128539040,
  "view/Home.view.xml": 1707130489738,
  "view/App.view.xml": 1706869218889,
  "css/style.css": 1706865968554,
  "index.html": 1706868949766
}