{
  "controller/Home.controller.js": 1707129840046,
  "Component.js": 1706884583935,
  "i18n/i18n.properties": 1707126519544,
  "controller/App.controller.js": 1706865968550,
  "manifest.json": 1707133527009,
  "model/models.js": 1706884521133,
  "Component-dbg.js": 1706884583935,
  "Component.js.map": 1707133527244,
  "controller/Home-dbg.controller.js": 1707129840046,
  "controller/Home.controller.js.map": 1707133527269,
  "controller/App-dbg.controller.js": 1706865968550,
  "controller/App.controller.js.map": 1707133527261,
  "model/models-dbg.js": 1706884521133,
  "model/models.js.map": 1707133527245,
  "Component-preload.js": 1707133527478,
  "Component-preload.js.map": 1707133527478,
  "view/fragments/create_activity.fragment.xml": 1707128539040,
  "view/Home.view.xml": 1707133454136,
  "view/App.view.xml": 1706869218889,
  "css/style.css": 1706865968554,
  "index.html": 1706868949766
}